{
  "annotations": {
    "list": [
      {
        "builtIn": 1,
        "datasource": "-- Grafana --",
        "enable": true,
        "hide": true,
        "iconColor": "rgba(0, 211, 255, 1)",
        "name": "Annotations & Alerts",
        "type": "dashboard"
      }
    ]
  },
  "description": "interval과 channel 변수 생성 필요",
  "editable": true,
  "gnetId": 10716,
  "graphTooltip": 0,
  "id": 8,
  "iteration": 1598432639548,
  "links": [],
  "panels": [
    {
      "datasource": null,
      "fieldConfig": {
        "defaults": {
          "custom": {}
        },
        "overrides": []
      },
      "gridPos": {
        "h": 3,
        "w": 3,
        "x": 0,
        "y": 0
      },
      "id": 82,
      "options": {
        "bgColor": "",
        "clockType": "custom",
        "countdownSettings": {
          "endCountdownTime": "2020-06-30T23:55:04+09:00",
          "endText": "00:00:00"
        },
        "dateSettings": {
          "dateFormat": "YYYY-MM-DD",
          "fontSize": "13px",
          "fontWeight": "normal",
          "showDate": true
        },
        "mode": "time",
        "timeSettings": {
          "fontSize": "20px",
          "fontWeight": "normal"
        },
        "timezone": "Asia/Seoul",
        "timezoneSettings": {
          "fontSize": "12px",
          "fontWeight": "normal",
          "showTimezone": false,
          "zoneFormat": "offsetAbbv"
        }
      },
      "timeFrom": null,
      "timeShift": null,
      "title": "Current Time",
      "type": "grafana-clock-panel"
    },
    {
      "datasource": null,
      "fieldConfig": {
        "defaults": {
          "custom": {
            "align": null
          },
          "mappings": [],
          "thresholds": {
            "mode": "absolute",
            "steps": [
              {
                "color": "semi-dark-red",
                "value": null
              },
              {
                "color": "semi-dark-orange",
                "value": 6
              },
              {
                "color": "semi-dark-green",
                "value": 7
              }
            ]
          }
        },
        "overrides": []
      },
      "gridPos": {
        "h": 3,
        "w": 3,
        "x": 3,
        "y": 0
      },
      "id": 195,
      "options": {
        "colorMode": "background",
        "graphMode": "none",
        "justifyMode": "auto",
        "orientation": "horizontal",
        "reduceOptions": {
          "calcs": [
            "last"
          ],
          "fields": "/^Value$/",
          "values": false
        },
        "textMode": "auto"
      },
      "pluginVersion": "7.1.0",
      "targets": [
        {
          "expr": "count(container_last_seen{job=\"cadvisor\",container_label_filebeat_enable=\"true\"})",
          "format": "table",
          "instant": false,
          "interval": "",
          "legendFormat": "",
          "refId": "A"
        }
      ],
      "timeFrom": null,
      "timeShift": null,
      "title": "Fabric Containers ",
      "type": "stat"
    },
    {
      "datasource": null,
      "fieldConfig": {
        "defaults": {
          "custom": {
            "align": null
          },
          "mappings": [],
          "thresholds": {
            "mode": "absolute",
            "steps": [
              {
                "color": "semi-dark-red",
                "value": null
              },
              {
                "color": "semi-dark-orange",
                "value": 2
              },
              {
                "color": "semi-dark-green",
                "value": 3
              }
            ]
          }
        },
        "overrides": []
      },
      "gridPos": {
        "h": 3,
        "w": 3,
        "x": 6,
        "y": 0
      },
      "id": 199,
      "options": {
        "colorMode": "background",
        "graphMode": "none",
        "justifyMode": "auto",
        "orientation": "horizontal",
        "reduceOptions": {
          "calcs": [
            "last"
          ],
          "fields": "/^Value$/",
          "values": false
        },
        "textMode": "auto"
      },
      "pluginVersion": "7.1.0",
      "targets": [
        {
          "expr": "consensus_etcdraft_cluster_size{channel=\"$channel\"}",
          "format": "table",
          "instant": true,
          "interval": "",
          "legendFormat": "",
          "refId": "A"
        }
      ],
      "timeFrom": null,
      "timeShift": null,
      "title": "Raft Cluster Size",
      "type": "stat"
    },
    {
      "datasource": null,
      "fieldConfig": {
        "defaults": {
          "custom": {
            "align": null
          },
          "mappings": [],
          "thresholds": {
            "mode": "absolute",
            "steps": [
              {
                "color": "semi-dark-red",
                "value": null
              },
              {
                "color": "semi-dark-orange",
                "value": 3
              },
              {
                "color": "semi-dark-green",
                "value": 4
              }
            ]
          }
        },
        "overrides": []
      },
      "gridPos": {
        "h": 3,
        "w": 3,
        "x": 9,
        "y": 0
      },
      "id": 200,
      "options": {
        "colorMode": "background",
        "graphMode": "none",
        "justifyMode": "auto",
        "orientation": "horizontal",
        "reduceOptions": {
          "calcs": [
            "last"
          ],
          "fields": "/^Value$/",
          "values": false
        },
        "textMode": "auto"
      },
      "pluginVersion": "7.1.0",
      "targets": [
        {
          "expr": "gossip_membership_total_peers_known{channel=\"$channel\"}+1",
          "format": "table",
          "instant": true,
          "interval": "",
          "legendFormat": "",
          "refId": "A"
        }
      ],
      "timeFrom": null,
      "timeShift": null,
      "title": "Membership Peer Count",
      "type": "stat"
    },
    {
      "datasource": null,
      "fieldConfig": {
        "defaults": {
          "custom": {
            "align": null
          },
          "mappings": [],
          "thresholds": {
            "mode": "absolute",
            "steps": [
              {
                "color": "green",
                "value": null
              },
              {
                "color": "red",
                "value": 80
              }
            ]
          }
        },
        "overrides": []
      },
      "gridPos": {
        "h": 3,
        "w": 3,
        "x": 12,
        "y": 0
      },
      "id": 193,
      "options": {
        "colorMode": "value",
        "graphMode": "area",
        "justifyMode": "auto",
        "orientation": "horizontal",
        "reduceOptions": {
          "calcs": [
            "first"
          ],
          "fields": "/^version$/",
          "values": false
        },
        "textMode": "auto"
      },
      "pluginVersion": "7.1.0",
      "targets": [
        {
          "expr": "fabric_version",
          "format": "table",
          "instant": true,
          "interval": "",
          "legendFormat": "",
          "refId": "A"
        }
      ],
      "timeFrom": null,
      "timeShift": null,
      "title": "Fabric Version",
      "type": "stat"
    },
    {
      "datasource": null,
      "fieldConfig": {
        "defaults": {
          "custom": {
            "align": null
          },
          "mappings": [],
          "thresholds": {
            "mode": "absolute",
            "steps": [
              {
                "color": "green",
                "value": null
              },
              {
                "color": "red",
                "value": 80
              }
            ]
          }
        },
        "overrides": []
      },
      "gridPos": {
        "h": 3,
        "w": 3,
        "x": 15,
        "y": 0
      },
      "id": 194,
      "options": {
        "colorMode": "value",
        "graphMode": "area",
        "justifyMode": "auto",
        "orientation": "auto",
        "reduceOptions": {
          "calcs": [
            "firstNotNull"
          ],
          "fields": "/^version$/",
          "values": false
        },
        "textMode": "auto"
      },
      "pluginVersion": "7.1.0",
      "targets": [
        {
          "expr": "go_info",
          "format": "table",
          "instant": true,
          "interval": "",
          "legendFormat": "",
          "refId": "A"
        }
      ],
      "timeFrom": null,
      "timeShift": null,
      "title": "Go Version",
      "type": "stat"
    },
    {
      "datasource": null,
      "fieldConfig": {
        "defaults": {
          "custom": {
            "align": null,
            "displayMode": "color-text",
            "width": 100
          },
          "mappings": [],
          "thresholds": {
            "mode": "absolute",
            "steps": [
              {
                "color": "green",
                "value": null
              }
            ]
          },
          "unit": "none"
        },
        "overrides": []
      },
      "gridPos": {
        "h": 3,
        "w": 3,
        "x": 18,
        "y": 0
      },
      "id": 212,
      "options": {
        "showHeader": false
      },
      "pluginVersion": "7.1.0",
      "targets": [
        {
          "expr": "label_replace(java_lang_OperatingSystem_AvailableProcessors, \"short_instance\", \"$1\", \"instance\", \"(.*):.*\")",
          "format": "table",
          "instant": true,
          "interval": "",
          "legendFormat": "{{short_instance}}",
          "refId": "A"
        }
      ],
      "timeFrom": null,
      "timeShift": null,
      "title": "WAS CPU Info (Core)",
      "transformations": [
        {
          "id": "filterFieldsByName",
          "options": {
            "include": {
              "names": [
                "Value"
              ],
              "pattern": "short_instance"
            }
          }
        }
      ],
      "type": "table"
    },
    {
      "datasource": null,
      "fieldConfig": {
        "defaults": {
          "custom": {
            "align": null,
            "displayMode": "color-text",
            "width": 100
          },
          "mappings": [],
          "thresholds": {
            "mode": "absolute",
            "steps": [
              {
                "color": "green",
                "value": null
              }
            ]
          },
          "unit": "decbytes"
        },
        "overrides": []
      },
      "gridPos": {
        "h": 3,
        "w": 3,
        "x": 21,
        "y": 0
      },
      "id": 213,
      "options": {
        "showHeader": false
      },
      "pluginVersion": "7.1.0",
      "targets": [
        {
          "expr": "label_replace(java_lang_OperatingSystem_TotalPhysicalMemorySize, \"short_instance\", \"$1\", \"instance\", \"(.*):.*\")",
          "format": "table",
          "instant": true,
          "interval": "",
          "legendFormat": "{{short_instance}}",
          "refId": "A"
        }
      ],
      "timeFrom": null,
      "timeShift": null,
      "title": "WAS Mem Info",
      "transformations": [
        {
          "id": "filterFieldsByName",
          "options": {
            "include": {
              "names": [
                "Value"
              ],
              "pattern": "short_instance"
            }
          }
        }
      ],
      "type": "table"
    },
    {
      "collapsed": false,
      "datasource": null,
      "gridPos": {
        "h": 1,
        "w": 24,
        "x": 0,
        "y": 3
      },
      "id": 191,
      "panels": [],
      "title": "Infra Info",
      "type": "row"
    },
    {
      "columns": [],
      "datasource": "Prometheus",
      "description": "",
      "fieldConfig": {
        "defaults": {
          "custom": {}
        },
        "overrides": []
      },
      "fontSize": "100%",
      "gridPos": {
        "h": 9,
        "w": 12,
        "x": 0,
        "y": 4
      },
      "id": 188,
      "pageSize": 10,
      "showHeader": true,
      "sort": {
        "col": 1,
        "desc": false
      },
      "styles": [
        {
          "alias": "Server Name Alias",
          "align": "auto",
          "colorMode": null,
          "colors": [
            "rgba(245, 54, 54, 0.9)",
            "rgba(237, 129, 40, 0.89)",
            "rgba(50, 172, 45, 0.97)"
          ],
          "dateFormat": "YYYY-MM-DD HH:mm:ss",
          "decimals": 2,
          "link": false,
          "linkTargetBlank": false,
          "linkTooltip": "Browse host details",
          "linkUrl": "/d/hb7fSE0Zz/node-exporter-en?orgId=1&var-job=${job}&var-hostname=All&var-node=${__cell}&var-device=All",
          "mappingType": 1,
          "pattern": "short_instance",
          "preserveFormat": false,
          "sanitize": false,
          "thresholds": [],
          "type": "string",
          "unit": "short",
          "valueMaps": []
        },
        {
          "alias": "Memory",
          "align": "auto",
          "colorMode": null,
          "colors": [
            "rgba(245, 54, 54, 0.9)",
            "rgba(237, 129, 40, 0.89)",
            "rgba(50, 172, 45, 0.97)"
          ],
          "dateFormat": "YYYY-MM-DD HH:mm:ss",
          "decimals": 2,
          "link": false,
          "mappingType": 1,
          "pattern": "Value #B",
          "thresholds": [],
          "type": "number",
          "unit": "decbytes"
        },
        {
          "alias": "CPU Cores",
          "align": "auto",
          "colorMode": null,
          "colors": [
            "rgba(245, 54, 54, 0.9)",
            "rgba(237, 129, 40, 0.89)",
            "rgba(50, 172, 45, 0.97)"
          ],
          "dateFormat": "YYYY-MM-DD HH:mm:ss",
          "decimals": null,
          "mappingType": 1,
          "pattern": "Value #C",
          "thresholds": [],
          "type": "number",
          "unit": "short"
        },
        {
          "alias": "Uptime",
          "align": "auto",
          "colorMode": null,
          "colors": [
            "rgba(245, 54, 54, 0.9)",
            "rgba(237, 129, 40, 0.89)",
            "rgba(50, 172, 45, 0.97)"
          ],
          "dateFormat": "YYYY-MM-DD HH:mm:ss",
          "decimals": null,
          "mappingType": 1,
          "pattern": "Value #D",
          "thresholds": [],
          "type": "number",
          "unit": "s"
        },
        {
          "alias": "Partition used",
          "align": "auto",
          "colorMode": "cell",
          "colors": [
            "rgba(50, 172, 45, 0.97)",
            "rgba(237, 129, 40, 0.89)",
            "rgba(245, 54, 54, 0.9)"
          ],
          "dateFormat": "YYYY-MM-DD HH:mm:ss",
          "decimals": 2,
          "mappingType": 1,
          "pattern": "Value #E",
          "thresholds": [
            "70",
            "85"
          ],
          "type": "number",
          "unit": "percent"
        },
        {
          "alias": "CPU used",
          "align": "auto",
          "colorMode": "cell",
          "colors": [
            "rgba(50, 172, 45, 0.97)",
            "rgba(237, 129, 40, 0.89)",
            "rgba(245, 54, 54, 0.9)"
          ],
          "dateFormat": "YYYY-MM-DD HH:mm:ss",
          "decimals": 2,
          "mappingType": 1,
          "pattern": "Value #F",
          "thresholds": [
            "70",
            "85"
          ],
          "type": "number",
          "unit": "percent"
        },
        {
          "alias": "Memory used",
          "align": "auto",
          "colorMode": "cell",
          "colors": [
            "rgba(50, 172, 45, 0.97)",
            "rgba(237, 129, 40, 0.89)",
            "rgba(245, 54, 54, 0.9)"
          ],
          "dateFormat": "YYYY-MM-DD HH:mm:ss",
          "decimals": 2,
          "mappingType": 1,
          "pattern": "Value #G",
          "thresholds": [
            "70",
            "85"
          ],
          "type": "number",
          "unit": "percent"
        },
        {
          "alias": "Disk read*",
          "align": "auto",
          "colorMode": "cell",
          "colors": [
            "rgba(50, 172, 45, 0.97)",
            "rgba(237, 129, 40, 0.89)",
            "rgba(245, 54, 54, 0.9)"
          ],
          "dateFormat": "YYYY-MM-DD HH:mm:ss",
          "decimals": 2,
          "mappingType": 1,
          "pattern": "Value #H",
          "thresholds": [
            "10485760",
            "20485760"
          ],
          "type": "number",
          "unit": "Bps"
        },
        {
          "alias": "Disk write*",
          "align": "auto",
          "colorMode": "cell",
          "colors": [
            "rgba(50, 172, 45, 0.97)",
            "rgba(237, 129, 40, 0.89)",
            "rgba(245, 54, 54, 0.9)"
          ],
          "dateFormat": "YYYY-MM-DD HH:mm:ss",
          "decimals": 2,
          "mappingType": 1,
          "pattern": "Value #I",
          "thresholds": [
            "10485760",
            "20485760"
          ],
          "type": "number",
          "unit": "Bps"
        },
        {
          "alias": "Download*",
          "align": "auto",
          "colorMode": "cell",
          "colors": [
            "rgba(50, 172, 45, 0.97)",
            "rgba(237, 129, 40, 0.89)",
            "rgba(245, 54, 54, 0.9)"
          ],
          "dateFormat": "YYYY-MM-DD HH:mm:ss",
          "decimals": 2,
          "mappingType": 1,
          "pattern": "Value #J",
          "thresholds": [
            "30485760",
            "104857600"
          ],
          "type": "number",
          "unit": "bps"
        },
        {
          "alias": "Upload*",
          "align": "auto",
          "colorMode": "cell",
          "colors": [
            "rgba(50, 172, 45, 0.97)",
            "rgba(237, 129, 40, 0.89)",
            "rgba(245, 54, 54, 0.9)"
          ],
          "dateFormat": "YYYY-MM-DD HH:mm:ss",
          "decimals": 2,
          "mappingType": 1,
          "pattern": "Value #K",
          "thresholds": [
            "30485760",
            "104857600"
          ],
          "type": "number",
          "unit": "bps"
        },
        {
          "alias": "5m load",
          "align": "auto",
          "colorMode": null,
          "colors": [
            "rgba(245, 54, 54, 0.9)",
            "rgba(237, 129, 40, 0.89)",
            "rgba(50, 172, 45, 0.97)"
          ],
          "dateFormat": "YYYY-MM-DD HH:mm:ss",
          "decimals": 2,
          "mappingType": 1,
          "pattern": "Value #L",
          "thresholds": [],
          "type": "number",
          "unit": "short"
        },
        {
          "alias": "",
          "align": "right",
          "colorMode": null,
          "colors": [
            "rgba(245, 54, 54, 0.9)",
            "rgba(237, 129, 40, 0.89)",
            "rgba(50, 172, 45, 0.97)"
          ],
          "decimals": 2,
          "pattern": "/.*/",
          "thresholds": [],
          "type": "hidden",
          "unit": "short"
        }
      ],
      "targets": [
        {
          "expr": "label_replace(sum(time() - node_boot_time_seconds{job=~\"node-exporter\"})by(instance), \"short_instance\", \"$1\", \"instance\", \"(.*):.*\")",
          "format": "table",
          "hide": false,
          "instant": true,
          "interval": "",
          "legendFormat": "uptime",
          "refId": "D"
        },
        {
          "expr": "count(node_cpu_seconds_total{job=~\"node-exporter\",mode='system'}) by (instance)",
          "format": "table",
          "hide": false,
          "instant": true,
          "interval": "",
          "legendFormat": "CPU 코어",
          "refId": "C"
        },
        {
          "expr": "node_memory_MemTotal_bytes{job=~\"node-exporter\"} - 0",
          "format": "table",
          "hide": false,
          "instant": true,
          "interval": "",
          "legendFormat": "총 메모리",
          "refId": "B"
        },
        {
          "expr": "node_load5{job=~\"node-exporter\"}",
          "format": "table",
          "hide": true,
          "instant": true,
          "interval": "",
          "legendFormat": "5분 Load",
          "refId": "L"
        },
        {
          "expr": "(1 - avg(irate(node_cpu_seconds_total{job=~\"node-exporter\",mode=\"idle\"}[5m])) by (instance)) * 100",
          "format": "table",
          "hide": false,
          "instant": true,
          "interval": "",
          "legendFormat": "CPU 사용량",
          "refId": "F"
        },
        {
          "expr": "(1 - (node_memory_MemAvailable_bytes{job=~\"node-exporter\"} / (node_memory_MemTotal_bytes{job=~\"node-exporter\"})))* 100",
          "format": "table",
          "hide": false,
          "instant": true,
          "interval": "",
          "legendFormat": "메모리 사용량",
          "refId": "G"
        },
        {
          "expr": "max((node_filesystem_size_bytes{job=~\"node-exporter\",fstype=~\"ext.?|xfs\"}-node_filesystem_free_bytes{job=~\"node-exporter\",fstype=~\"ext.?|xfs\"}) *100/(node_filesystem_avail_bytes {job=~\"node-exporter\",fstype=~\"ext.?|xfs\"}+(node_filesystem_size_bytes{job=~\"node-exporter\",fstype=~\"ext.?|xfs\"}-node_filesystem_free_bytes{job=~\"node-exporter\",fstype=~\"ext.?|xfs\"})))by(instance)",
          "format": "table",
          "hide": false,
          "instant": true,
          "interval": "",
          "legendFormat": "파티션 사용량",
          "refId": "E"
        },
        {
          "expr": "max(irate(node_disk_read_bytes_total{job=~\"node-exporter\"}[$interval])) by (instance)",
          "format": "table",
          "hide": true,
          "instant": true,
          "interval": "",
          "legendFormat": "최대 읽기",
          "refId": "H"
        },
        {
          "expr": "max(irate(node_disk_written_bytes_total{job=~\"node-exporter\"}[$interval])) by (instance)",
          "format": "table",
          "hide": true,
          "instant": true,
          "interval": "",
          "legendFormat": "최대 쓰기",
          "refId": "I"
        },
        {
          "expr": "max(irate(node_network_receive_bytes_total{job=~\"node-exporter\"}[$interval])*8) by (instance)",
          "format": "table",
          "hide": true,
          "instant": true,
          "interval": "",
          "legendFormat": "다운로드 대역폭",
          "refId": "J"
        },
        {
          "expr": "max(irate(node_network_transmit_bytes_total{job=~\"node-exporter\"}[$interval])*8) by (instance)",
          "format": "table",
          "hide": true,
          "instant": true,
          "interval": "",
          "legendFormat": "업로드 대역폭",
          "refId": "K"
        }
      ],
      "timeFrom": null,
      "timeShift": null,
      "title": "Server Resource Overview",
      "transform": "table",
      "transformations": [],
      "type": "table-old"
    },
    {
      "columns": [],
      "datasource": "Prometheus",
      "description": "",
      "fieldConfig": {
        "defaults": {
          "custom": {}
        },
        "overrides": []
      },
      "fontSize": "100%",
      "gridPos": {
        "h": 9,
        "w": 12,
        "x": 12,
        "y": 4
      },
      "id": 186,
      "pageSize": 10,
      "showHeader": true,
      "sort": {
        "col": 1,
        "desc": false
      },
      "styles": [
        {
          "alias": "Container Name",
          "align": "auto",
          "colorMode": null,
          "colors": [
            "rgba(245, 54, 54, 0.9)",
            "rgba(237, 129, 40, 0.89)",
            "rgba(50, 172, 45, 0.97)"
          ],
          "dateFormat": "YYYY-MM-DD HH:mm:ss",
          "decimals": 2,
          "link": false,
          "linkTargetBlank": false,
          "linkTooltip": "Browse host details",
          "linkUrl": "/d/hb7fSE0Zz/node-exporter-en?orgId=1&var-job=${job}&var-hostname=All&var-node=${__cell}&var-device=All",
          "mappingType": 1,
          "pattern": "short_instance",
          "preserveFormat": false,
          "sanitize": false,
          "thresholds": [],
          "type": "string",
          "unit": "short",
          "valueMaps": []
        },
        {
          "alias": "Created",
          "align": "auto",
          "colorMode": null,
          "colors": [
            "rgba(245, 54, 54, 0.9)",
            "rgba(237, 129, 40, 0.89)",
            "rgba(50, 172, 45, 0.97)"
          ],
          "dateFormat": "YYYY-MM-DD HH:mm:ss",
          "decimals": null,
          "link": false,
          "mappingType": 1,
          "pattern": "Value #D",
          "thresholds": [],
          "type": "number",
          "unit": "s"
        },
        {
          "alias": "CPU used",
          "align": "auto",
          "colorMode": "cell",
          "colors": [
            "rgba(50, 172, 45, 0.97)",
            "rgba(237, 129, 40, 0.89)",
            "rgba(245, 54, 54, 0.9)"
          ],
          "dateFormat": "YYYY-MM-DD HH:mm:ss",
          "decimals": 2,
          "mappingType": 1,
          "pattern": "Value #F",
          "thresholds": [
            "70",
            "85"
          ],
          "type": "number",
          "unit": "percent"
        },
        {
          "alias": "Memory used",
          "align": "auto",
          "colorMode": "cell",
          "colors": [
            "rgba(50, 172, 45, 0.97)",
            "rgba(237, 129, 40, 0.89)",
            "rgba(245, 54, 54, 0.9)"
          ],
          "dateFormat": "YYYY-MM-DD HH:mm:ss",
          "decimals": 2,
          "mappingType": 1,
          "pattern": "Value #G",
          "thresholds": [
            "70",
            "85"
          ],
          "type": "number",
          "unit": "percent"
        },
        {
          "alias": "Download",
          "align": "auto",
          "colorMode": "cell",
          "colors": [
            "rgba(50, 172, 45, 0.97)",
            "rgba(237, 129, 40, 0.89)",
            "rgba(245, 54, 54, 0.9)"
          ],
          "dateFormat": "YYYY-MM-DD HH:mm:ss",
          "decimals": 2,
          "mappingType": 1,
          "pattern": "Value #J",
          "thresholds": [
            "30485760",
            "104857600"
          ],
          "type": "number",
          "unit": "bps"
        },
        {
          "alias": "Upload",
          "align": "auto",
          "colorMode": "cell",
          "colors": [
            "rgba(50, 172, 45, 0.97)",
            "rgba(237, 129, 40, 0.89)",
            "rgba(245, 54, 54, 0.9)"
          ],
          "dateFormat": "YYYY-MM-DD HH:mm:ss",
          "decimals": 2,
          "mappingType": 1,
          "pattern": "Value #K",
          "thresholds": [
            "30485760",
            "104857600"
          ],
          "type": "number",
          "unit": "bps"
        },
        {
          "alias": "",
          "align": "right",
          "colorMode": null,
          "colors": [
            "rgba(245, 54, 54, 0.9)",
            "rgba(237, 129, 40, 0.89)",
            "rgba(50, 172, 45, 0.97)"
          ],
          "decimals": 2,
          "pattern": "/.*/",
          "thresholds": [],
          "type": "hidden",
          "unit": "short"
        }
      ],
      "targets": [
        {
          "expr": "label_replace(sum(time() - container_start_time_seconds{container_label_filebeat_enable=\"true\"})by(instance), \"short_instance\", \"$1\", \"instance\", \"(.*):.*\")",
          "format": "table",
          "hide": false,
          "instant": true,
          "interval": "",
          "legendFormat": "가동 시간",
          "refId": "D"
        },
        {
          "expr": "sum(rate(container_cpu_usage_seconds_total{container_label_filebeat_enable=\"true\"}[5m])) by (instance) * 100",
          "format": "table",
          "hide": false,
          "instant": true,
          "interval": "",
          "legendFormat": "CPU 사용량",
          "refId": "F"
        },
        {
          "expr": "(1 - (container_memory_usage_bytes{container_label_filebeat_enable=\"true\"} / (container_memory_max_usage_bytes{container_label_filebeat_enable=\"true\"})))* 100",
          "format": "table",
          "hide": false,
          "instant": true,
          "interval": "",
          "legendFormat": "메모리 사용량",
          "refId": "G"
        },
        {
          "expr": "max(irate(container_network_receive_bytes_total{container_label_filebeat_enable=\"true\"}[5m])*8) by (instance)",
          "format": "table",
          "hide": false,
          "instant": true,
          "interval": "",
          "legendFormat": "다운로드 대역폭",
          "refId": "J"
        },
        {
          "expr": "max(irate(container_network_transmit_bytes_total{container_label_filebeat_enable=\"true\"}[5m])*8) by (instance)",
          "format": "table",
          "hide": false,
          "instant": true,
          "interval": "",
          "legendFormat": "업로드 대역폭",
          "refId": "K"
        }
      ],
      "timeFrom": null,
      "timeShift": null,
      "title": "Container Resource Overview",
      "transform": "table",
      "transformations": [],
      "type": "table-old"
    },
    {
      "collapsed": false,
      "datasource": null,
      "gridPos": {
        "h": 1,
        "w": 24,
        "x": 0,
        "y": 13
      },
      "id": 189,
      "panels": [],
      "title": "Hyperledger Fabric Basic Info",
      "type": "row"
    },
    {
      "columns": [],
      "datasource": "Prometheus",
      "description": "",
      "fieldConfig": {
        "defaults": {
          "custom": {}
        },
        "overrides": []
      },
      "fontSize": "100%",
      "gridPos": {
        "h": 9,
        "w": 12,
        "x": 0,
        "y": 14
      },
      "id": 185,
      "pageSize": 10,
      "showHeader": true,
      "sort": {
        "col": 4,
        "desc": false
      },
      "styles": [
        {
          "alias": "Fabric Node",
          "align": "auto",
          "colorMode": null,
          "colors": [
            "rgba(245, 54, 54, 0.9)",
            "rgba(237, 129, 40, 0.89)",
            "rgba(50, 172, 45, 0.97)"
          ],
          "dateFormat": "YYYY-MM-DD HH:mm:ss",
          "decimals": 2,
          "link": false,
          "linkTargetBlank": false,
          "linkTooltip": "Browse host details",
          "linkUrl": "/d/hb7fSE0Zz/node-exporter-en?orgId=1&var-job=${job}&var-hostname=All&var-node=${__cell}&var-device=All",
          "mappingType": 1,
          "pattern": "short_instance",
          "thresholds": [],
          "type": "string",
          "unit": "short",
          "valueMaps": []
        },
        {
          "alias": "State",
          "align": "",
          "colorMode": "cell",
          "colors": [
            "#FF780A",
            "#E02F44",
            "rgba(50, 172, 45, 0.97)"
          ],
          "dateFormat": "YYYY-MM-DD HH:mm:ss",
          "decimals": 2,
          "link": false,
          "mappingType": 1,
          "pattern": "Value #B",
          "preserveFormat": false,
          "thresholds": [
            "0",
            "1"
          ],
          "type": "string",
          "unit": "bytes",
          "valueMaps": [
            {
              "text": "N/A",
              "value": "null"
            },
            {
              "text": "Stop",
              "value": "0"
            },
            {
              "text": "Running",
              "value": "1"
            }
          ]
        },
        {
          "alias": "보증 제안",
          "align": "auto",
          "colorMode": null,
          "colors": [
            "rgba(245, 54, 54, 0.9)",
            "rgba(237, 129, 40, 0.89)",
            "rgba(50, 172, 45, 0.97)"
          ],
          "dateFormat": "YYYY-MM-DD HH:mm:ss",
          "decimals": null,
          "mappingType": 1,
          "pattern": "Value #C",
          "thresholds": [],
          "type": "number",
          "unit": "none"
        },
        {
          "alias": "보증 성공",
          "align": "",
          "colorMode": null,
          "colors": [
            "rgba(245, 54, 54, 0.9)",
            "rgba(237, 129, 40, 0.89)",
            "rgba(50, 172, 45, 0.97)"
          ],
          "dateFormat": "YYYY-MM-DD HH:mm:ss",
          "decimals": 0,
          "mappingType": 1,
          "pattern": "Value #D",
          "thresholds": [],
          "type": "number",
          "unit": "none"
        },
        {
          "alias": "EPSR*",
          "align": "auto",
          "colorMode": "cell",
          "colors": [
            "rgba(245, 54, 54, 0.9)",
            "rgba(237, 129, 40, 0.89)",
            "rgba(50, 172, 45, 0.97)"
          ],
          "dateFormat": "YYYY-MM-DD HH:mm:ss",
          "decimals": 2,
          "mappingType": 1,
          "pattern": "Value #E",
          "thresholds": [
            "98",
            "99.9"
          ],
          "type": "number",
          "unit": "percent"
        },
        {
          "alias": "Raft Leader",
          "align": "auto",
          "colorMode": "cell",
          "colors": [
            "rgba(245, 54, 54, 0.9)",
            "#8AB8FF",
            "#1F60C4"
          ],
          "dateFormat": "YYYY-MM-DD HH:mm:ss",
          "decimals": 2,
          "mappingType": 2,
          "pattern": "Value #F",
          "preserveFormat": false,
          "rangeMaps": [
            {
              "from": "null",
              "text": "N/A",
              "to": "null"
            },
            {
              "from": "0",
              "text": "Follower",
              "to": "0"
            },
            {
              "from": "1",
              "text": "Leader",
              "to": "500"
            }
          ],
          "thresholds": [
            "0",
            "1"
          ],
          "type": "string",
          "unit": "percent",
          "valueMaps": [
            {
              "text": "N/A",
              "value": "null"
            },
            {
              "text": "Follower",
              "value": "0"
            },
            {
              "text": "Leader",
              "value": "1"
            },
            {
              "text": "",
              "value": ""
            }
          ]
        },
        {
          "alias": "Org Leader",
          "align": "auto",
          "colorMode": "cell",
          "colors": [
            "rgba(245, 54, 54, 0.9)",
            "#8AB8FF",
            "#1F60C4"
          ],
          "dateFormat": "YYYY-MM-DD HH:mm:ss",
          "decimals": 2,
          "mappingType": 2,
          "pattern": "Value #G",
          "rangeMaps": [
            {
              "from": "null",
              "text": "N/A",
              "to": "null"
            },
            {
              "from": "0",
              "text": "Follower",
              "to": "0"
            },
            {
              "from": "1",
              "text": "Leader",
              "to": "500"
            }
          ],
          "thresholds": [
            "0",
            "1"
          ],
          "type": "string",
          "unit": "percent"
        },
        {
          "alias": "Block Height",
          "align": "",
          "colorMode": null,
          "colors": [
            "rgba(50, 172, 45, 0.97)",
            "rgba(237, 129, 40, 0.89)",
            "rgba(245, 54, 54, 0.9)"
          ],
          "dateFormat": "YYYY-MM-DD HH:mm:ss",
          "decimals": 2,
          "mappingType": 1,
          "pattern": "Value #H",
          "thresholds": [
            ""
          ],
          "type": "string",
          "unit": "Bps"
        },
        {
          "alias": "Tx Count",
          "align": "auto",
          "colorMode": null,
          "colors": [
            "rgba(245, 54, 54, 0.9)",
            "rgba(237, 129, 40, 0.89)",
            "rgba(50, 172, 45, 0.97)"
          ],
          "dateFormat": "YYYY-MM-DD HH:mm:ss",
          "decimals": 2,
          "mappingType": 1,
          "pattern": "Value #L",
          "thresholds": [],
          "type": "string",
          "unit": "short"
        },
        {
          "alias": "MKP*",
          "align": "auto",
          "colorMode": "cell",
          "colors": [
            "rgba(245, 54, 54, 0.9)",
            "rgba(237, 129, 40, 0.89)",
            "rgba(50, 172, 45, 0.97)"
          ],
          "dateFormat": "YYYY-MM-DD HH:mm:ss",
          "decimals": null,
          "mappingType": 1,
          "pattern": "Value #I",
          "thresholds": [
            "0",
            "1"
          ],
          "type": "number",
          "unit": "short"
        },
        {
          "alias": "",
          "align": "right",
          "colorMode": null,
          "colors": [
            "rgba(245, 54, 54, 0.9)",
            "rgba(237, 129, 40, 0.89)",
            "rgba(50, 172, 45, 0.97)"
          ],
          "decimals": 2,
          "pattern": "/.*/",
          "thresholds": [],
          "type": "hidden",
          "unit": "short"
        }
      ],
      "targets": [
        {
          "expr": "label_replace(up{job=\"prometheus\"}, \"short_instance\", \"$1\", \"instance\", \"(.*):.*\")",
          "format": "table",
          "instant": true,
          "interval": "",
          "legendFormat": "상태",
          "refId": "A"
        },
        {
          "expr": "max_over_time(endorser_proposals_received[$interval])",
          "format": "table",
          "hide": true,
          "instant": true,
          "interval": "",
          "legendFormat": "수신 endorse proposal",
          "refId": "C"
        },
        {
          "expr": "max_over_time(endorser_successful_proposals[$interval])",
          "format": "table",
          "hide": true,
          "instant": true,
          "interval": "",
          "legendFormat": "성공 endorse proposal",
          "refId": "D"
        },
        {
          "expr": "up{job=\"prometheus\"}",
          "format": "table",
          "hide": false,
          "instant": true,
          "interval": "",
          "legendFormat": "상태",
          "refId": "B"
        },
        {
          "expr": "max_over_time(gossip_membership_total_peers_known{channel=\"$channel\"}[$interval])",
          "format": "table",
          "hide": false,
          "instant": true,
          "interval": "",
          "legendFormat": "Known membership peer cnt",
          "refId": "I"
        },
        {
          "expr": "(max_over_time(endorser_successful_proposals[$interval])/max_over_time(endorser_proposals_received[$interval]))*100",
          "format": "table",
          "hide": false,
          "instant": true,
          "interval": "",
          "legendFormat": "보증 성공률(endorsement proposal successful rate)",
          "refId": "E"
        },
        {
          "expr": "max_over_time(ledger_blockchain_height{channel=\"$channel\"}[$interval])",
          "format": "table",
          "hide": true,
          "instant": true,
          "interval": "",
          "legendFormat": "블록 길이",
          "refId": "H"
        },
        {
          "expr": "max_over_time(consensus_etcdraft_is_leader{channel=\"$channel\"}[$interval])",
          "format": "table",
          "hide": false,
          "instant": true,
          "interval": "",
          "legendFormat": "etcd/Raft Leader",
          "refId": "F"
        },
        {
          "expr": "max_over_time(gossip_leader_election_leader{channel=\"$channel\"}[$interval])",
          "format": "table",
          "hide": false,
          "instant": true,
          "interval": "",
          "legendFormat": "Org Leader",
          "refId": "G"
        },
        {
          "expr": "max_over_time(ledger_transaction_count{chaincode=\"pvd:0.1-8b185763\",channel=\"$channel\"}[$interval])",
          "format": "table",
          "hide": true,
          "instant": true,
          "interval": "",
          "legendFormat": "트랜잭션 수",
          "refId": "L"
        }
      ],
      "timeFrom": null,
      "timeShift": null,
      "title": "Hyperledger Fabric Overview",
      "transform": "table",
      "transformations": [],
      "type": "table-old"
    },
    {
      "datasource": "Prometheus",
      "description": "",
      "fieldConfig": {
        "defaults": {
          "custom": {
            "align": null
          },
          "mappings": [],
          "min": 0,
          "noValue": "latest",
          "thresholds": {
            "mode": "percentage",
            "steps": [
              {
                "color": "semi-dark-red",
                "value": null
              },
              {
                "color": "semi-dark-orange",
                "value": 98
              },
              {
                "color": "semi-dark-yellow",
                "value": 99
              },
              {
                "color": "light-green",
                "value": 99.9
              }
            ]
          }
        },
        "overrides": []
      },
      "gridPos": {
        "h": 9,
        "w": 12,
        "x": 12,
        "y": 14
      },
      "hideTimeOverride": false,
      "id": 78,
      "links": [],
      "options": {
        "displayMode": "basic",
        "orientation": "horizontal",
        "reduceOptions": {
          "calcs": [
            "lastNotNull"
          ],
          "fields": "",
          "values": false
        },
        "showUnfilled": false
      },
      "pluginVersion": "7.1.0",
      "targets": [
        {
          "expr": "label_replace(max_over_time(ledger_blockchain_height{channel=\"$channel\"}[1h]), \"short_instance\", \"$1\", \"instance\", \"(.*):.*\")",
          "format": "time_series",
          "instant": true,
          "interval": "",
          "intervalFactor": 1,
          "legendFormat": "{{short_instance}}",
          "refId": "A"
        }
      ],
      "timeFrom": null,
      "timeShift": null,
      "title": "Block Height Transition",
      "type": "bargauge"
    },
    {
      "aliasColors": {},
      "bars": false,
      "dashLength": 10,
      "dashes": false,
      "datasource": "Prometheus",
      "description": "",
      "fieldConfig": {
        "defaults": {
          "custom": {},
          "links": []
        },
        "overrides": []
      },
      "fill": 1,
      "fillGradient": 1,
      "gridPos": {
        "h": 13,
        "w": 24,
        "x": 0,
        "y": 23
      },
      "hiddenSeries": false,
      "hideTimeOverride": false,
      "id": 77,
      "legend": {
        "alignAsTable": false,
        "avg": false,
        "current": false,
        "hideEmpty": false,
        "hideZero": false,
        "max": false,
        "min": false,
        "rightSide": false,
        "show": true,
        "total": false,
        "values": false
      },
      "lines": true,
      "linewidth": 1,
      "links": [],
      "nullPointMode": "null",
      "paceLength": 10,
      "percentage": false,
      "pluginVersion": "7.1.0",
      "pointradius": 0.5,
      "points": false,
      "renderer": "flot",
      "repeat": null,
      "seriesOverrides": [
        {}
      ],
      "spaceLength": 10,
      "stack": false,
      "steppedLine": false,
      "targets": [
        {
          "expr": "label_replace(max_over_time(ledger_blockchain_height{channel=\"$channel\"}[$interval]), \"short_instance\", \"$1\", \"instance\", \"(.*):.*\")",
          "format": "time_series",
          "instant": false,
          "interval": "",
          "intervalFactor": 1,
          "legendFormat": "{{short_instance}}",
          "refId": "A"
        }
      ],
      "thresholds": [],
      "timeFrom": null,
      "timeRegions": [],
      "timeShift": null,
      "title": "Block Height Transition",
      "tooltip": {
        "shared": true,
        "sort": 0,
        "value_type": "individual"
      },
      "type": "graph",
      "xaxis": {
        "buckets": null,
        "mode": "time",
        "name": null,
        "show": true,
        "values": []
      },
      "yaxes": [
        {
          "decimals": null,
          "format": "none",
          "label": "block height",
          "logBase": 1,
          "max": null,
          "min": null,
          "show": true
        },
        {
          "format": "short",
          "label": null,
          "logBase": 1,
          "max": null,
          "min": null,
          "show": false
        }
      ],
      "yaxis": {
        "align": false,
        "alignLevel": null
      }
    },
    {
      "collapsed": false,
      "datasource": null,
      "gridPos": {
        "h": 1,
        "w": 24,
        "x": 0,
        "y": 36
      },
      "id": 206,
      "panels": [],
      "title": "Hyperledger Fabric Additional info",
      "type": "row"
    },
    {
      "aliasColors": {},
      "bars": false,
      "dashLength": 10,
      "dashes": false,
      "datasource": "Prometheus",
      "description": "",
      "fieldConfig": {
        "defaults": {
          "custom": {},
          "links": []
        },
        "overrides": []
      },
      "fill": 2,
      "fillGradient": 0,
      "gridPos": {
        "h": 8,
        "w": 12,
        "x": 0,
        "y": 37
      },
      "hiddenSeries": false,
      "hideTimeOverride": false,
      "id": 198,
      "legend": {
        "alignAsTable": false,
        "avg": false,
        "current": false,
        "hideEmpty": false,
        "hideZero": false,
        "max": false,
        "min": false,
        "rightSide": false,
        "show": true,
        "total": false,
        "values": false
      },
      "lines": true,
      "linewidth": 1,
      "links": [],
      "nullPointMode": "connected",
      "paceLength": 10,
      "percentage": false,
      "pluginVersion": "7.1.0",
      "pointradius": 0.5,
      "points": false,
      "renderer": "flot",
      "seriesOverrides": [
        {}
      ],
      "spaceLength": 10,
      "stack": false,
      "steppedLine": false,
      "targets": [
        {
          "expr": "label_replace(label_replace(histogram_quantile(0.95, sum(rate(chaincode_shim_request_duration_bucket{channel=\"$channel\"}[5m])) by (le,chaincode,instance)), \"short_instance\", \"$1\", \"instance\", \"(.*):.*\"), \"short_chaincode\", \"$1\", \"chaincode\", \"(.*):.*:.*\")",
          "format": "time_series",
          "instant": false,
          "interval": "",
          "intervalFactor": 1,
          "legendFormat": "{{short_chaincode}} :  {{short_instance}}",
          "refId": "A"
        }
      ],
      "thresholds": [],
      "timeFrom": null,
      "timeRegions": [],
      "timeShift": null,
      "title": "Chaincode Shim Reqeust Complete Time",
      "tooltip": {
        "shared": true,
        "sort": 1,
        "value_type": "individual"
      },
      "type": "graph",
      "xaxis": {
        "buckets": null,
        "mode": "time",
        "name": null,
        "show": true,
        "values": []
      },
      "yaxes": [
        {
          "decimals": null,
          "format": "s",
          "label": "",
          "logBase": 1,
          "max": null,
          "min": null,
          "show": true
        },
        {
          "format": "short",
          "label": null,
          "logBase": 1,
          "max": null,
          "min": null,
          "show": false
        }
      ],
      "yaxis": {
        "align": false,
        "alignLevel": null
      }
    },
    {
      "aliasColors": {},
      "bars": false,
      "dashLength": 10,
      "dashes": false,
      "datasource": "Prometheus",
      "description": "",
      "fieldConfig": {
        "defaults": {
          "custom": {},
          "links": []
        },
        "overrides": []
      },
      "fill": 2,
      "fillGradient": 0,
      "gridPos": {
        "h": 8,
        "w": 12,
        "x": 12,
        "y": 37
      },
      "hiddenSeries": false,
      "hideTimeOverride": false,
      "id": 202,
      "legend": {
        "alignAsTable": false,
        "avg": false,
        "current": false,
        "hideEmpty": false,
        "hideZero": false,
        "max": false,
        "min": false,
        "rightSide": false,
        "show": true,
        "total": false,
        "values": false
      },
      "lines": true,
      "linewidth": 1,
      "links": [],
      "nullPointMode": "connected",
      "paceLength": 10,
      "percentage": false,
      "pluginVersion": "7.1.0",
      "pointradius": 0.5,
      "points": false,
      "renderer": "flot",
      "seriesOverrides": [
        {}
      ],
      "spaceLength": 10,
      "stack": false,
      "steppedLine": false,
      "targets": [
        {
          "expr": "label_replace(histogram_quantile(0.95, sum(rate(ledger_block_processing_time_bucket{channel=\"$channel\"}[10m])) by (le,instance)), \"short_instance\", \"$1\", \"instance\", \"(.*):.*\")",
          "format": "time_series",
          "instant": false,
          "interval": "",
          "intervalFactor": 1,
          "legendFormat": "{{short_instance}}",
          "refId": "A"
        }
      ],
      "thresholds": [],
      "timeFrom": null,
      "timeRegions": [],
      "timeShift": null,
      "title": "Block Processing Time",
      "tooltip": {
        "shared": true,
        "sort": 1,
        "value_type": "individual"
      },
      "type": "graph",
      "xaxis": {
        "buckets": null,
        "mode": "time",
        "name": null,
        "show": true,
        "values": []
      },
      "yaxes": [
        {
          "decimals": null,
          "format": "s",
          "label": "",
          "logBase": 1,
          "max": null,
          "min": null,
          "show": true
        },
        {
          "format": "short",
          "label": null,
          "logBase": 1,
          "max": null,
          "min": null,
          "show": false
        }
      ],
      "yaxis": {
        "align": false,
        "alignLevel": null
      }
    },
    {
      "aliasColors": {},
      "bars": false,
      "dashLength": 10,
      "dashes": false,
      "datasource": "Prometheus",
      "description": "",
      "fieldConfig": {
        "defaults": {
          "custom": {},
          "links": []
        },
        "overrides": []
      },
      "fill": 2,
      "fillGradient": 0,
      "gridPos": {
        "h": 8,
        "w": 12,
        "x": 0,
        "y": 45
      },
      "hiddenSeries": false,
      "hideTimeOverride": false,
      "id": 197,
      "legend": {
        "alignAsTable": false,
        "avg": false,
        "current": false,
        "hideEmpty": false,
        "hideZero": false,
        "max": false,
        "min": false,
        "rightSide": false,
        "show": true,
        "total": false,
        "values": false
      },
      "lines": true,
      "linewidth": 1,
      "links": [],
      "nullPointMode": "connected",
      "paceLength": 10,
      "percentage": false,
      "pluginVersion": "7.1.0",
      "pointradius": 0.5,
      "points": false,
      "renderer": "flot",
      "seriesOverrides": [
        {}
      ],
      "spaceLength": 10,
      "stack": false,
      "steppedLine": false,
      "targets": [
        {
          "expr": "label_replace(histogram_quantile(0.95, sum(rate(gossip_state_commit_duration_bucket{channel=\"$channel\"}[10m])) by (le,instance)), \"short_instance\", \"$1\", \"instance\", \"(.*):.*\")",
          "format": "time_series",
          "instant": false,
          "interval": "",
          "intervalFactor": 1,
          "legendFormat": "{{short_instance}}",
          "refId": "A"
        }
      ],
      "thresholds": [],
      "timeFrom": null,
      "timeRegions": [],
      "timeShift": null,
      "title": "Block Commit Time",
      "tooltip": {
        "shared": true,
        "sort": 1,
        "value_type": "individual"
      },
      "type": "graph",
      "xaxis": {
        "buckets": null,
        "mode": "time",
        "name": null,
        "show": true,
        "values": []
      },
      "yaxes": [
        {
          "decimals": null,
          "format": "s",
          "label": "",
          "logBase": 1,
          "max": null,
          "min": null,
          "show": true
        },
        {
          "format": "short",
          "label": null,
          "logBase": 1,
          "max": null,
          "min": null,
          "show": false
        }
      ],
      "yaxis": {
        "align": false,
        "alignLevel": null
      }
    },
    {
      "aliasColors": {},
      "bars": false,
      "dashLength": 10,
      "dashes": false,
      "datasource": "Prometheus",
      "description": "",
      "fieldConfig": {
        "defaults": {
          "custom": {},
          "links": []
        },
        "overrides": []
      },
      "fill": 2,
      "fillGradient": 0,
      "gridPos": {
        "h": 8,
        "w": 12,
        "x": 12,
        "y": 45
      },
      "hiddenSeries": false,
      "hideTimeOverride": false,
      "id": 196,
      "legend": {
        "alignAsTable": false,
        "avg": false,
        "current": false,
        "hideEmpty": false,
        "hideZero": false,
        "max": false,
        "min": false,
        "rightSide": false,
        "show": true,
        "total": false,
        "values": false
      },
      "lines": true,
      "linewidth": 1,
      "links": [],
      "nullPointMode": "null",
      "paceLength": 10,
      "percentage": false,
      "pluginVersion": "7.1.0",
      "pointradius": 0.5,
      "points": false,
      "renderer": "flot",
      "seriesOverrides": [
        {}
      ],
      "spaceLength": 10,
      "stack": false,
      "steppedLine": false,
      "targets": [
        {
          "expr": "label_replace(histogram_quantile(0.95, sum(rate(ledger_statedb_commit_time_bucket{channel=\"$channel\"}[5m])) by (le,instance)), \"short_instance\", \"$1\", \"instance\", \"(.*):.*\")",
          "format": "time_series",
          "instant": false,
          "interval": "",
          "intervalFactor": 1,
          "legendFormat": "{{short_instance}}",
          "refId": "A"
        }
      ],
      "thresholds": [],
      "timeFrom": null,
      "timeRegions": [],
      "timeShift": null,
      "title": "StateDB Commit Time",
      "tooltip": {
        "shared": true,
        "sort": 1,
        "value_type": "individual"
      },
      "type": "graph",
      "xaxis": {
        "buckets": null,
        "mode": "time",
        "name": null,
        "show": true,
        "values": []
      },
      "yaxes": [
        {
          "decimals": null,
          "format": "s",
          "label": "",
          "logBase": 1,
          "max": null,
          "min": null,
          "show": true
        },
        {
          "format": "short",
          "label": null,
          "logBase": 1,
          "max": null,
          "min": null,
          "show": false
        }
      ],
      "yaxis": {
        "align": false,
        "alignLevel": null
      }
    },
    {
      "collapsed": false,
      "datasource": null,
      "gridPos": {
        "h": 1,
        "w": 24,
        "x": 0,
        "y": 53
      },
      "id": 211,
      "panels": [],
      "title": "Golang Info",
      "type": "row"
    },
    {
      "aliasColors": {},
      "bars": false,
      "dashLength": 10,
      "dashes": false,
      "datasource": "Prometheus",
      "description": "",
      "fieldConfig": {
        "defaults": {
          "custom": {},
          "links": []
        },
        "overrides": []
      },
      "fill": 1,
      "fillGradient": 0,
      "gridPos": {
        "h": 8,
        "w": 8,
        "x": 0,
        "y": 54
      },
      "hiddenSeries": false,
      "hideTimeOverride": false,
      "id": 207,
      "legend": {
        "alignAsTable": false,
        "avg": false,
        "current": false,
        "hideEmpty": false,
        "hideZero": false,
        "max": false,
        "min": false,
        "rightSide": false,
        "show": true,
        "total": false,
        "values": false
      },
      "lines": true,
      "linewidth": 1,
      "links": [],
      "nullPointMode": "null as zero",
      "paceLength": 10,
      "percentage": false,
      "pluginVersion": "7.1.0",
      "pointradius": 0.5,
      "points": false,
      "renderer": "flot",
      "seriesOverrides": [
        {}
      ],
      "spaceLength": 10,
      "stack": false,
      "steppedLine": false,
      "targets": [
        {
          "expr": "label_replace(go_memstats_alloc_bytes{job=\"prometheus\"}, \"short_instance\", \"$1\", \"instance\", \"(.*):.*\")",
          "format": "time_series",
          "instant": false,
          "interval": "",
          "intervalFactor": 1,
          "legendFormat": "{{short_instance}}",
          "refId": "A"
        }
      ],
      "thresholds": [],
      "timeFrom": null,
      "timeRegions": [],
      "timeShift": null,
      "title": "Go Memory Allocations",
      "tooltip": {
        "shared": true,
        "sort": 0,
        "value_type": "individual"
      },
      "type": "graph",
      "xaxis": {
        "buckets": null,
        "mode": "time",
        "name": null,
        "show": true,
        "values": []
      },
      "yaxes": [
        {
          "decimals": null,
          "format": "short",
          "label": "",
          "logBase": 1,
          "max": null,
          "min": null,
          "show": true
        },
        {
          "format": "short",
          "label": null,
          "logBase": 1,
          "max": null,
          "min": null,
          "show": false
        }
      ],
      "yaxis": {
        "align": false,
        "alignLevel": null
      }
    },
    {
      "aliasColors": {},
      "bars": false,
      "dashLength": 10,
      "dashes": false,
      "datasource": "Prometheus",
      "description": "",
      "fieldConfig": {
        "defaults": {
          "custom": {},
          "links": []
        },
        "overrides": []
      },
      "fill": 1,
      "fillGradient": 0,
      "gridPos": {
        "h": 8,
        "w": 8,
        "x": 8,
        "y": 54
      },
      "hiddenSeries": false,
      "hideTimeOverride": false,
      "id": 208,
      "legend": {
        "alignAsTable": false,
        "avg": false,
        "current": false,
        "hideEmpty": false,
        "hideZero": false,
        "max": false,
        "min": false,
        "rightSide": false,
        "show": true,
        "total": false,
        "values": false
      },
      "lines": true,
      "linewidth": 1,
      "links": [],
      "nullPointMode": "null as zero",
      "paceLength": 10,
      "percentage": false,
      "pluginVersion": "7.1.0",
      "pointradius": 0.5,
      "points": false,
      "renderer": "flot",
      "seriesOverrides": [
        {}
      ],
      "spaceLength": 10,
      "stack": false,
      "steppedLine": false,
      "targets": [
        {
          "expr": "label_replace(rate(go_memstats_frees_total{job=\"prometheus\"}[$interval]), \"short_instance\", \"$1\", \"instance\", \"(.*):.*\")",
          "format": "time_series",
          "instant": false,
          "interval": "",
          "intervalFactor": 1,
          "legendFormat": "{{short_instance}}",
          "refId": "A"
        }
      ],
      "thresholds": [],
      "timeFrom": null,
      "timeRegions": [],
      "timeShift": null,
      "title": "Go Free Memory",
      "tooltip": {
        "shared": true,
        "sort": 0,
        "value_type": "individual"
      },
      "type": "graph",
      "xaxis": {
        "buckets": null,
        "mode": "time",
        "name": null,
        "show": true,
        "values": []
      },
      "yaxes": [
        {
          "decimals": null,
          "format": "short",
          "label": "",
          "logBase": 1,
          "max": null,
          "min": null,
          "show": true
        },
        {
          "format": "short",
          "label": null,
          "logBase": 1,
          "max": null,
          "min": null,
          "show": false
        }
      ],
      "yaxis": {
        "align": false,
        "alignLevel": null
      }
    },
    {
      "aliasColors": {},
      "bars": false,
      "dashLength": 10,
      "dashes": false,
      "datasource": "Prometheus",
      "description": "",
      "fieldConfig": {
        "defaults": {
          "custom": {},
          "links": []
        },
        "overrides": []
      },
      "fill": 1,
      "fillGradient": 0,
      "gridPos": {
        "h": 8,
        "w": 8,
        "x": 16,
        "y": 54
      },
      "hiddenSeries": false,
      "hideTimeOverride": false,
      "id": 209,
      "legend": {
        "alignAsTable": false,
        "avg": false,
        "current": false,
        "hideEmpty": false,
        "hideZero": false,
        "max": false,
        "min": false,
        "rightSide": false,
        "show": true,
        "total": false,
        "values": false
      },
      "lines": true,
      "linewidth": 1,
      "links": [],
      "nullPointMode": "null as zero",
      "paceLength": 10,
      "percentage": false,
      "pluginVersion": "7.1.0",
      "pointradius": 0.5,
      "points": false,
      "renderer": "flot",
      "seriesOverrides": [
        {}
      ],
      "spaceLength": 10,
      "stack": false,
      "steppedLine": false,
      "targets": [
        {
          "expr": "label_replace(rate(go_memstats_heap_objects{job=\"prometheus\"}[$interval]), \"short_instance\", \"$1\", \"instance\", \"(.*):.*\")",
          "format": "time_series",
          "instant": false,
          "interval": "",
          "intervalFactor": 1,
          "legendFormat": "{{short_instance}}",
          "refId": "A"
        }
      ],
      "thresholds": [],
      "timeFrom": null,
      "timeRegions": [],
      "timeShift": null,
      "title": "Go Heap Objects",
      "tooltip": {
        "shared": true,
        "sort": 0,
        "value_type": "individual"
      },
      "type": "graph",
      "xaxis": {
        "buckets": null,
        "mode": "time",
        "name": null,
        "show": true,
        "values": []
      },
      "yaxes": [
        {
          "decimals": null,
          "format": "short",
          "label": "",
          "logBase": 1,
          "max": null,
          "min": null,
          "show": true
        },
        {
          "format": "short",
          "label": null,
          "logBase": 1,
          "max": null,
          "min": null,
          "show": false
        }
      ],
      "yaxis": {
        "align": false,
        "alignLevel": null
      }
    }
  ],
  "refresh": false,
  "schemaVersion": 26,
  "style": "dark",
  "tags": [
    "Hyperledger Fabric",
    "cadvisor",
    "node-exporter"
  ],
  "templating": {
    "list": [
      {
        "allValue": null,
        "current": {
          "selected": false,
          "text": "pvdchannel",
          "value": "pvdchannel"
        },
        "datasource": "Prometheus",
        "definition": "label_values(consensus_etcdraft_cluster_size{instance=\"orderer2.ctro.sat.com:7443\"},channel)",
        "hide": 0,
        "includeAll": false,
        "label": "channel",
        "multi": false,
        "name": "channel",
        "options": [],
        "query": "label_values(consensus_etcdraft_cluster_size{instance=\"orderer2.ctro.sat.com:7443\"},channel)",
        "refresh": 1,
        "regex": "",
        "skipUrlSync": false,
        "sort": 1,
        "tagValuesQuery": "",
        "tags": [],
        "tagsQuery": "",
        "type": "query",
        "useTags": false
      },
      {
        "auto": false,
        "auto_count": 30,
        "auto_min": "10s",
        "current": {
          "selected": false,
          "text": "5s",
          "value": "5s"
        },
        "hide": 0,
        "label": "interval",
        "name": "interval",
        "options": [
          {
            "selected": true,
            "text": "5s",
            "value": "5s"
          },
          {
            "selected": false,
            "text": "30s",
            "value": "30s"
          },
          {
            "selected": false,
            "text": "1m",
            "value": "1m"
          },
          {
            "selected": false,
            "text": "2m",
            "value": "2m"
          },
          {
            "selected": false,
            "text": "5m",
            "value": "5m"
          },
          {
            "selected": false,
            "text": "10m",
            "value": "10m"
          },
          {
            "selected": false,
            "text": "30m",
            "value": "30m"
          },
          {
            "selected": false,
            "text": "1h",
            "value": "1h"
          },
          {
            "selected": false,
            "text": "6h",
            "value": "6h"
          },
          {
            "selected": false,
            "text": "12h",
            "value": "12h"
          },
          {
            "selected": false,
            "text": "1d",
            "value": "1d"
          },
          {
            "selected": false,
            "text": "7d",
            "value": "7d"
          },
          {
            "selected": false,
            "text": "14d",
            "value": "14d"
          },
          {
            "selected": false,
            "text": "30d",
            "value": "30d"
          }
        ],
        "query": "5s,30s,1m,2m,5m,10m,30m,1h,6h,12h,1d,7d,14d,30d",
        "queryValue": "",
        "refresh": 2,
        "skipUrlSync": false,
        "type": "interval"
      }
    ]
  },
  "time": {
    "from": "now-5m",
    "to": "now"
  },
  "timepicker": {
    "hidden": false,
    "refresh_intervals": [
      "3s",
      "5s",
      " 10s",
      "30s",
      "1m"
    ],
    "time_options": [
      "5m",
      "15m",
      "1h",
      "6h",
      "12h",
      "24h",
      "2d",
      "7d",
      "30d"
    ]
  },
  "timezone": "Asia/Seoul",
  "title": "Hyperledger Fabric  Dashboard",
  "uid": "VMikmh7Mz2",
  "version": 57
}